{
  "CombA (baseline)": {
    "per_ds": {
      "synthetic": 1.0,
      "mimic": 1.0,
      "mammography": 0.8802845003638413,
      "shuttle": 0.9835168859378537,
      "pendigits": 0.9417009602194788
    },
    "mean": 0.9611004693042349,
    "n_ops": 4
  },
  "CombA+Phase": {
    "per_ds": {
      "synthetic": 1.0,
      "mimic": 1.0,
      "mammography": 0.8851220237396619,
      "shuttle": 0.982926341640763,
      "pendigits": 0.9623914037494286
    },
    "mean": 0.9660879538259707,
    "n_ops": 5
  },
  "CombA+Phase+Geom": {
    "per_ds": {
      "synthetic": 1.0,
      "mimic": 1.0,
      "mammography": 0.8841830786444762,
      "shuttle": 0.8254483023006154,
      "pendigits": 0.7498666361835086
    },
    "mean": 0.89189960342572,
    "n_ops": 6
  },
  "CombA+Phase+Kernel": {
    "per_ds": {
      "synthetic": 1.0,
      "mimic": 1.0,
      "mammography": 0.884200683865011,
      "shuttle": 0.9821371897085616,
      "pendigits": 0.9683356195701875
    },
    "mean": 0.966934698628752,
    "n_ops": 6
  },
  "CombA+Phase+Dep": {
    "per_ds": {
      "synthetic": 1.0,
      "mimic": 1.0,
      "mammography": 0.8774637528070546,
      "shuttle": 0.9841965067490306,
      "pendigits": 0.9559137326627039
    },
    "mean": 0.9635147984437579,
    "n_ops": 6
  },
  "CombA+Phase+Exp": {
    "per_ds": {
      "synthetic": 1.0,
      "mimic": 1.0,
      "mammography": 0.7532393605783901,
      "shuttle": 0.9473188299173041,
      "pendigits": 0.9039780521262002
    },
    "mean": 0.9209072485243788,
    "n_ops": 6
  },
  "CombA+Phase+Stat": {
    "per_ds": {
      "synthetic": 1.0,
      "mimic": 1.0,
      "mammography": 0.8863778628044725,
      "shuttle": 0.9822915889996444,
      "pendigits": 0.9435299497027891
    },
    "mean": 0.9624398803013813,
    "n_ops": 6
  },
  "CombA+Phase+Recon": {
    "per_ds": {
      "synthetic": 1.0,
      "mimic": 1.0,
      "mammography": 0.8903566426453213,
      "shuttle": 0.9832575743079581,
      "pendigits": 0.9585810089925316
    },
    "mean": 0.9664390451891622,
    "n_ops": 6
  },
  "CombA+Phase+Rank": {
    "per_ds": {
      "synthetic": 1.0,
      "mimic": 1.0,
      "mammography": 0.8900847397948405,
      "shuttle": 0.9808214966042054,
      "pendigits": 0.9561042524005487
    },
    "mean": 0.9654020977599188,
    "n_ops": 6
  },
  "CombA+Phase+Recon+Rank": {
    "per_ds": {
      "synthetic": 1.0,
      "mimic": 1.0,
      "mammography": 0.8907439574970852,
      "shuttle": 0.9824110175111229,
      "pendigits": 0.9585429050449626
    },
    "mean": 0.9663395760106341,
    "n_ops": 7
  },
  "CombA+Phase+Geom+Recon": {
    "per_ds": {
      "synthetic": 1.0,
      "mimic": 1.0,
      "mammography": 0.8841830786444762,
      "shuttle": 0.8254483023006154,
      "pendigits": 0.7555822283188538
    },
    "mean": 0.8930427218527891,
    "n_ops": 7
  },
  "CombA+Geom": {
    "per_ds": {
      "synthetic": 1.0,
      "mimic": 1.0,
      "mammography": 0.8841830786444762,
      "shuttle": 0.8254483023006154,
      "pendigits": 0.7632030178326474
    },
    "mean": 0.8945668797555477,
    "n_ops": 5
  },
  "CombA+Exp": {
    "per_ds": {
      "synthetic": 1.0,
      "mimic": 1.0,
      "mammography": 0.7489436867679162,
      "shuttle": 0.9419280512500073,
      "pendigits": 0.8979957323578721
    },
    "mean": 0.9177734940751592,
    "n_ops": 5
  },
  "Phase+Topo": {
    "per_ds": {
      "synthetic": 0.9617777777777777,
      "mimic": 0.9748888888888888,
      "mammography": 0.8848911997370953,
      "shuttle": 0.9905064230764917,
      "pendigits": 0.9354900167657371
    },
    "mean": 0.949510861249198,
    "n_ops": 2
  },
  "Phase+Topo+Kernel": {
    "per_ds": {
      "synthetic": 0.9617777777777777,
      "mimic": 0.9748888888888888,
      "mammography": 0.8869920893875731,
      "shuttle": 0.9905064230764917,
      "pendigits": 0.9354519128181681
    },
    "mean": 0.94992341838978,
    "n_ops": 3
  },
  "Phase+Geom": {
    "per_ds": {
      "synthetic": 1.0,
      "mimic": 1.0,
      "mammography": 0.8841830786444762,
      "shuttle": 0.8254483023006154,
      "pendigits": 0.7632030178326474
    },
    "mean": 0.8945668797555477,
    "n_ops": 2
  },
  "Phase+Exp": {
    "per_ds": {
      "synthetic": 1.0,
      "mimic": 1.0,
      "mammography": 0.7546321291362488,
      "shuttle": 0.9432061342706382,
      "pendigits": 0.9050830666057003
    },
    "mean": 0.9205842660025174,
    "n_ops": 2
  },
  "Phase+Fourier": {
    "per_ds": {
      "synthetic": 1.0,
      "mimic": 1.0,
      "mammography": 0.8896133111116327,
      "shuttle": 0.9810464972805272,
      "pendigits": 0.9540085352842554
    },
    "mean": 0.9649336687352831,
    "n_ops": 2
  },
  "Phase+Wavelet": {
    "per_ds": {
      "synthetic": 1.0,
      "mimic": 1.0,
      "mammography": 0.8879056047197641,
      "shuttle": 0.9790089544990568,
      "pendigits": 0.9582761774119799
    },
    "mean": 0.9650381473261602,
    "n_ops": 2
  }
}