{
  "selected_ops": [
    "Phase",
    "Topo",
    "Legendre",
    "Geometric",
    "Recon",
    "Exponential",
    "Fourier",
    "BSpline",
    "Dependency",
    "Kernel",
    "Rank",
    "Compress",
    "Statistical"
  ],
  "solo": {
    "Phase": {
      "mAUC": 0.9601027235109874,
      "mCov": 0.8617369612703983,
      "minCov": 0.5128205128205128
    },
    "Topo": {
      "mAUC": 0.927273307825274,
      "mCov": 0.7786298201539259,
      "minCov": 0.41025641025641024
    },
    "Legendre": {
      "mAUC": 0.9142152286609327,
      "mCov": 0.7488380233325801,
      "minCov": 0.3974358974358974
    },
    "Geometric": {
      "mAUC": 0.8921418543278031,
      "mCov": 0.7462810100446181,
      "minCov": 0.48717948717948717
    },
    "Recon": {
      "mAUC": 0.8757199775435754,
      "mCov": 0.7264301506914259,
      "minCov": 0.25925925925925924
    },
    "Exponential": {
      "mAUC": 0.8854690826505129,
      "mCov": 0.725700841408462,
      "minCov": 0.24358974358974358
    },
    "Fourier": {
      "mAUC": 0.8789424453406293,
      "mCov": 0.7188162681164236,
      "minCov": 0.2037037037037037
    },
    "BSpline": {
      "mAUC": 0.8974757899935704,
      "mCov": 0.709838142964115,
      "minCov": 0.24074074074074073
    },
    "Dependency": {
      "mAUC": 0.8461452908616833,
      "mCov": 0.6743164387021308,
      "minCov": 0.2222222222222222
    },
    "Kernel": {
      "mAUC": 0.8707270731729869,
      "mCov": 0.6730093534137079,
      "minCov": 0.1794871794871795
    },
    "Rank": {
      "mAUC": 0.8605693625233288,
      "mCov": 0.6689161826020301,
      "minCov": 0.2948717948717949
    },
    "Compress": {
      "mAUC": 0.6478216950752518,
      "mCov": 0.5058087756377025,
      "minCov": 0.038461538461538464
    },
    "Statistical": {
      "mAUC": 0.7154034829054462,
      "mCov": 0.29653334396724756,
      "minCov": 0.0
    }
  },
  "strategies": {
    "Fisher": {
      "synthetic": {
        "auc": 1.0,
        "cov": 1.0
      },
      "mimic": {
        "auc": 1.0,
        "cov": 1.0
      },
      "mammography": {
        "auc": 0.8841830786444762,
        "cov": 0.48717948717948717
      },
      "shuttle": {
        "auc": 0.7596603479526588,
        "cov": 0.5396578538102644
      },
      "pendigits": {
        "auc": 0.3445358939186099,
        "cov": 0.12962962962962962
      }
    },
    "RankFuse": {
      "synthetic": {
        "auc": 0.9997777777777778,
        "cov": 1.0
      },
      "mimic": {
        "auc": 1.0,
        "cov": 1.0
      },
      "mammography": {
        "auc": 0.8964910839338669,
        "cov": 0.5128205128205128
      },
      "shuttle": {
        "auc": 0.9774692504574244,
        "cov": 0.9533437013996889
      },
      "pendigits": {
        "auc": 0.918171772595641,
        "cov": 0.8148148148148148
      }
    },
    "QuadSurf": {
      "synthetic": {
        "auc": 0.2886666666666667,
        "cov": 0.5333333333333333
      },
      "mimic": {
        "auc": 1.0,
        "cov": 1.0
      },
      "mammography": {
        "auc": 0.9212655414974609,
        "cov": 0.7051282051282052
      },
      "shuttle": {
        "auc": 0.9182112644180236,
        "cov": 0.9471228615863142
      },
      "pendigits": {
        "auc": 0.7551249809480263,
        "cov": 0.5740740740740741
      }
    },
    "QS+Expo": {
      "synthetic": {
        "auc": 0.2886666666666667,
        "cov": 0.5333333333333333
      },
      "mimic": {
        "auc": 1.0,
        "cov": 1.0
      },
      "mammography": {
        "auc": 0.9212655414974609,
        "cov": 0.7051282051282052
      },
      "shuttle": {
        "auc": 0.9182112644180236,
        "cov": 0.9471228615863142
      },
      "pendigits": {
        "auc": 0.7551249809480263,
        "cov": 0.5740740740740741
      }
    },
    "SignedLR": {
      "synthetic": {
        "auc": 1.0,
        "cov": 1.0
      },
      "mimic": {
        "auc": 1.0,
        "cov": 1.0
      },
      "mammography": {
        "auc": 0.8960059623013544,
        "cov": 0.5897435897435898
      },
      "shuttle": {
        "auc": 0.9916974090611269,
        "cov": 0.9828926905132193
      },
      "pendigits": {
        "auc": 0.9012726718488034,
        "cov": 0.7962962962962963
      }
    }
  },
  "op_correlation": {
    "Fourier-BSpline": 0.5268666456979505,
    "Fourier-Wavelet": 0.6632293577044376,
    "Fourier-Legendre": 0.5823276607964007,
    "Fourier-Phase": 0.6559610674416709,
    "Fourier-Recon": 0.5289147803529465,
    "BSpline-Wavelet": 0.6687402259869595,
    "BSpline-Legendre": 0.7687567343636258,
    "BSpline-Phase": 0.6792348426992008,
    "Wavelet-Legendre": 0.7495115197304811,
    "Wavelet-Phase": 0.9236199306540817,
    "Legendre-Phase": 0.7757725848570671,
    "Geometric-Rank": 0.5516458865903796,
    "Geometric-Dependency": 0.501748011256866,
    "Geometric-Kernel": 0.6595533407291535,
    "Recon-Dependency": 0.5385169930620191
  },
  "strat_correlation": {
    "Fisher-RankFuse": 0.23742204183340868,
    "Fisher-QuadSurf": 0.42159602009850794,
    "Fisher-QS+Expo": 0.42159602009850794,
    "Fisher-SignedLR": 0.28288097638752135,
    "RankFuse-QuadSurf": 0.3809800120058723,
    "RankFuse-QS+Expo": 0.3809800120058723,
    "RankFuse-SignedLR": 0.7363335372789632,
    "QuadSurf-QS+Expo": 1.0,
    "QuadSurf-SignedLR": 0.43596312195665615,
    "QS+Expo-SignedLR": 0.43596312195665615
  }
}