{
  "Phase": {
    "aucs": {
      "synthetic": 1.0,
      "mimic": 1.0,
      "mammography": 0.8937779238359037,
      "shuttle": 0.9780014001508363,
      "pendigits": 0.9320225575369608
    },
    "coverages": {
      "synthetic": 1.0,
      "mimic": 1.0,
      "mammography": 0.7272727272727273,
      "shuttle": 0.9440124416796267,
      "pendigits": 0.8518518518518519
    },
    "mean_auc": 0.9607603763047402,
    "min_cov": 0.7272727272727273,
    "mean_cov": 0.9046274041608413,
    "n_ops": 1,
    "ops": [
      "Phase"
    ]
  },
  "Wavelet": {
    "aucs": {
      "synthetic": 1.0,
      "mimic": 1.0,
      "mammography": 0.8637277685187359,
      "shuttle": 0.9796166542729342,
      "pendigits": 0.9548087181832038
    },
    "coverages": {
      "synthetic": 1.0,
      "mimic": 1.0,
      "mammography": 0.4727272727272727,
      "shuttle": 0.9486780715396579,
      "pendigits": 0.9259259259259259
    },
    "mean_auc": 0.9596306281949747,
    "min_cov": 0.4727272727272727,
    "mean_cov": 0.8694662540385713,
    "n_ops": 1,
    "ops": [
      "Wavelet"
    ]
  },
  "Topo": {
    "aucs": {
      "synthetic": 0.9617777777777777,
      "mimic": 0.9748888888888888,
      "mammography": 0.7700406093753668,
      "shuttle": 0.9905064230764917,
      "pendigits": 0.9354900167657371
    },
    "coverages": {
      "synthetic": 0.8,
      "mimic": 0.8666666666666667,
      "mammography": 0.5818181818181818,
      "shuttle": 0.9828926905132193,
      "pendigits": 0.8333333333333334
    },
    "mean_auc": 0.9265407431768524,
    "min_cov": 0.5818181818181818,
    "mean_cov": 0.8129421744662801,
    "n_ops": 1,
    "ops": [
      "Topo"
    ]
  },
  "Phase+Topo": {
    "aucs": {
      "synthetic": 0.9935555555555556,
      "mimic": 0.9967777777777778,
      "mammography": 0.8943158611300204,
      "shuttle": 0.9907861893133256,
      "pendigits": 0.9595717116293249
    },
    "coverages": {
      "synthetic": 0.9333333333333333,
      "mimic": 1.0,
      "mammography": 0.7454545454545455,
      "shuttle": 0.968895800933126,
      "pendigits": 0.9259259259259259
    },
    "mean_auc": 0.9670014190812009,
    "min_cov": 0.7454545454545455,
    "mean_cov": 0.914721921129386,
    "n_ops": 2,
    "ops": [
      "Phase",
      "Topo"
    ]
  },
  "Phase+Kernel": {
    "aucs": {
      "synthetic": 0.9999999999999999,
      "mimic": 0.9999999999999999,
      "mammography": 0.8729881145200035,
      "shuttle": 0.9123414520527517,
      "pendigits": 0.919829294314891
    },
    "coverages": {
      "synthetic": 1.0,
      "mimic": 1.0,
      "mammography": 0.32727272727272727,
      "shuttle": 0.749611197511664,
      "pendigits": 0.8148148148148148
    },
    "mean_auc": 0.9410317721775291,
    "min_cov": 0.32727272727272727,
    "mean_cov": 0.7783397479198413,
    "n_ops": 2,
    "ops": [
      "Phase",
      "Kernel"
    ]
  },
  "Wavelet+Stat": {
    "aucs": {
      "synthetic": 0.9151111111111111,
      "mimic": 0.9702222222222223,
      "mammography": 0.810397643247811,
      "shuttle": 0.9432034949665171,
      "pendigits": 0.9272214601432709
    },
    "coverages": {
      "synthetic": 0.5333333333333333,
      "mimic": 0.9333333333333333,
      "mammography": 0.38181818181818183,
      "shuttle": 0.8553654743390358,
      "pendigits": 0.8333333333333334
    },
    "mean_auc": 0.9132311863381866,
    "min_cov": 0.38181818181818183,
    "mean_cov": 0.7074367312314436,
    "n_ops": 2,
    "ops": [
      "Wavelet",
      "Stat"
    ]
  },
  "Phase+Stat": {
    "aucs": {
      "synthetic": 0.9144444444444444,
      "mimic": 0.974,
      "mammography": 0.8274434089966589,
      "shuttle": 0.9435789359777402,
      "pendigits": 0.9118274653254077
    },
    "coverages": {
      "synthetic": 0.5333333333333333,
      "mimic": 0.9333333333333333,
      "mammography": 0.5454545454545454,
      "shuttle": 0.8522550544323484,
      "pendigits": 0.7777777777777778
    },
    "mean_auc": 0.9142588509488501,
    "min_cov": 0.5333333333333333,
    "mean_cov": 0.7284308088662677,
    "n_ops": 2,
    "ops": [
      "Phase",
      "Stat"
    ]
  },
  "Wavelet+Topo": {
    "aucs": {
      "synthetic": 0.9946666666666667,
      "mimic": 0.9977777777777777,
      "mammography": 0.8918804722893829,
      "shuttle": 0.9910900392002646,
      "pendigits": 0.9554755372656607
    },
    "coverages": {
      "synthetic": 0.9333333333333333,
      "mimic": 1.0,
      "mammography": 0.7272727272727273,
      "shuttle": 0.9782270606531882,
      "pendigits": 0.9074074074074074
    },
    "mean_auc": 0.9661780986399504,
    "min_cov": 0.7272727272727273,
    "mean_cov": 0.9092481057333313,
    "n_ops": 2,
    "ops": [
      "Wavelet",
      "Topo"
    ]
  },
  "Polar+Stat": {
    "aucs": {
      "synthetic": 0.9104444444444444,
      "mimic": 0.9682222222222222,
      "mammography": 0.7585522249086485,
      "shuttle": 0.9301600540001622,
      "pendigits": 0.9204389574759946
    },
    "coverages": {
      "synthetic": 0.5333333333333333,
      "mimic": 0.9333333333333333,
      "mammography": 0.2727272727272727,
      "shuttle": 0.8506998444790047,
      "pendigits": 0.7962962962962963
    },
    "mean_auc": 0.8975635806102943,
    "min_cov": 0.2727272727272727,
    "mean_cov": 0.6772780160338481,
    "n_ops": 2,
    "ops": [
      "Polar",
      "Stat"
    ]
  },
  "Topo+Kernel": {
    "aucs": {
      "synthetic": 0.9956666666666667,
      "mimic": 0.998,
      "mammography": 0.8765482813392487,
      "shuttle": 0.9543143054902146,
      "pendigits": 0.9263831732967536
    },
    "coverages": {
      "synthetic": 1.0,
      "mimic": 1.0,
      "mammography": 0.7818181818181819,
      "shuttle": 0.8973561430793157,
      "pendigits": 0.7962962962962963
    },
    "mean_auc": 0.9501824853585766,
    "min_cov": 0.7818181818181819,
    "mean_cov": 0.8950941242387588,
    "n_ops": 2,
    "ops": [
      "Topo",
      "Kernel"
    ]
  },
  "Phase+Topo+Kernel": {
    "aucs": {
      "synthetic": 0.9984444444444445,
      "mimic": 0.9991111111111112,
      "mammography": 0.9004659515034859,
      "shuttle": 0.9730560040539712,
      "pendigits": 0.9568472793781435
    },
    "coverages": {
      "synthetic": 1.0,
      "mimic": 1.0,
      "mammography": 0.7818181818181819,
      "shuttle": 0.9331259720062208,
      "pendigits": 0.8888888888888888
    },
    "mean_auc": 0.9655849580982313,
    "min_cov": 0.7818181818181819,
    "mean_cov": 0.9207666085426582,
    "n_ops": 3,
    "ops": [
      "Phase",
      "Topo",
      "Kernel"
    ]
  },
  "Phase+Topo+Stat": {
    "aucs": {
      "synthetic": 0.9716666666666667,
      "mimic": 0.9953333333333333,
      "mammography": 0.8562220761640964,
      "shuttle": 0.9825063623724968,
      "pendigits": 0.9624485596707819
    },
    "coverages": {
      "synthetic": 0.8666666666666667,
      "mimic": 1.0,
      "mammography": 0.6909090909090909,
      "shuttle": 0.9751166407465007,
      "pendigits": 0.8888888888888888
    },
    "mean_auc": 0.953635399641475,
    "min_cov": 0.6909090909090909,
    "mean_cov": 0.8843162574422294,
    "n_ops": 3,
    "ops": [
      "Phase",
      "Topo",
      "Stat"
    ]
  },
  "Phase+Topo+Rank": {
    "aucs": {
      "synthetic": 0.998,
      "mimic": 0.9981111111111112,
      "mammography": 0.9158490019796093,
      "shuttle": 0.9611679184666171,
      "pendigits": 0.9576474622770919
    },
    "coverages": {
      "synthetic": 1.0,
      "mimic": 1.0,
      "mammography": 0.8363636363636363,
      "shuttle": 0.9020217729393468,
      "pendigits": 0.9074074074074074
    },
    "mean_auc": 0.9661550987668859,
    "min_cov": 0.8363636363636363,
    "mean_cov": 0.929158563342078,
    "n_ops": 3,
    "ops": [
      "Phase",
      "Topo",
      "Rank"
    ]
  },
  "Wavelet+Topo+Stat": {
    "aucs": {
      "synthetic": 0.9703333333333334,
      "mimic": 0.9948888888888889,
      "mammography": 0.8515410436374733,
      "shuttle": 0.9823407460388994,
      "pendigits": 0.9598384392623076
    },