{
  "synthetic": {
    "Fisher": {
      "auc": 0.9617777777777777,
      "cov": 0.8,
      "det": 12,
      "n": 15,
      "info": ""
    },
    "RankFuse": {
      "auc": 0.9988888888888889,
      "cov": 1.0,
      "det": 15,
      "n": 15,
      "info": ""
    },
    "Hybrid-auto": {
      "auc": 0.9988888888888889,
      "cov": 1.0,
      "det": 15,
      "n": 15,
      "info": "fusion"
    },
    "Hybrid-blend": {
      "auc": 0.9988888888888888,
      "cov": 1.0,
      "det": 15,
      "n": 15,
      "info": "blend"
    },
    "RL-fresh": {
      "auc": 0.9963333333333333,
      "cov": 1.0,
      "det": 15,
      "n": 15,
      "info": "fusion(topo+rank)"
    },
    "RL-pretrained": {
      "auc": 0.9984444444444445,
      "cov": 1.0,
      "det": 15,
      "n": 15,
      "info": "fusion(phase+topo+kernel)"
    }
  },
  "mimic": {
    "Fisher": {
      "auc": 0.9748888888888888,
      "cov": 0.8666666666666667,
      "det": 13,
      "n": 15,
      "info": ""
    },
    "RankFuse": {
      "auc": 0.9993333333333334,
      "cov": 1.0,
      "det": 15,
      "n": 15,
      "info": ""
    },
    "Hybrid-auto": {
      "auc": 0.9993333333333334,
      "cov": 1.0,
      "det": 15,
      "n": 15,
      "info": "fusion"
    },
    "Hybrid-blend": {
      "auc": 0.9993333333333334,
      "cov": 1.0,
      "det": 15,
      "n": 15,
      "info": "blend"
    },
    "RL-fresh": {
      "auc": 0.9962222222222223,
      "cov": 1.0,
      "det": 15,
      "n": 15,
      "info": "fusion(topo+rank)"
    },
    "RL-pretrained": {
      "auc": 0.9991111111111112,
      "cov": 1.0,
      "det": 15,
      "n": 15,
      "info": "fusion(phase+topo+kernel)"
    }
  },
  "mammography": {
    "Fisher": {
      "auc": 0.8870742470834018,
      "cov": 0.5256410256410257,
      "det": 41,
      "n": 78,
      "info": ""
    },
    "RankFuse": {
      "auc": 0.9108999788737354,
      "cov": 0.6538461538461539,
      "det": 51,
      "n": 78,
      "info": ""
    },
    "Hybrid-auto": {
      "auc": 0.9108999788737354,
      "cov": 0.6538461538461539,
      "det": 51,
      "n": 78,
      "info": "fusion"
    },
    "Hybrid-blend": {
      "auc": 0.9109019350093503,
      "cov": 0.6538461538461539,
      "det": 51,
      "n": 78,
      "info": "blend"
    },
    "RL-fresh": {
      "auc": 0.8870742470834018,
      "cov": 0.5256410256410257,
      "det": 41,
      "n": 78,
      "info": "fisher(phase+topo+kernel+rank)"
    },
    "RL-pretrained": {
      "auc": 0.8765482813392487,
      "cov": 0.5512820512820513,
      "det": 43,
      "n": 78,
      "info": "fusion(topo+kernel)"
    }
  },
  "shuttle": {
    "Fisher": {
      "auc": 0.9905064230764917,
      "cov": 0.9828926905132193,
      "det": 632,
      "n": 643,
      "info": ""
    },
    "RankFuse": {
      "auc": 0.9431154081914763,
      "cov": 0.8475894245723172,
      "det": 545,
      "n": 643,
      "info": ""
    },
    "Hybrid-auto": {
      "auc": 0.9431154081914763,
      "cov": 0.8475894245723172,
      "det": 545,
      "n": 643,
      "info": "fusion"
    },
    "Hybrid-blend": {
      "auc": 0.9905064230764917,
      "cov": 0.9828926905132193,
      "det": 632,
      "n": 643,
      "info": "blend"
    },
    "RL-fresh": {
      "auc": 0.9905064230764917,
      "cov": 0.9828926905132193,
      "det": 632,
      "n": 643,
      "info": "fisher(phase+topo+kernel)"
    },
    "RL-pretrained": {
      "auc": 0.9730560040539712,
      "cov": 0.9331259720062208,
      "det": 600,
      "n": 643,
      "info": "fusion(phase+topo+kernel)"
    }
  },
  "pendigits": {
    "Fisher": {
      "auc": 0.9354519128181681,
      "cov": 0.8333333333333334,
      "det": 45,
      "n": 54,
      "info": ""
    },
    "RankFuse": {
      "auc": 0.960448102423411,
      "cov": 0.9259259259259259,
      "det": 50,
      "n": 54,
      "info": ""
    },
    "Hybrid-auto": {
      "auc": 0.960448102423411,
      "cov": 0.9259259259259259,
      "det": 50,
      "n": 54,
      "info": "fusion"
    },
    "Hybrid-blend": {
      "auc": 0.9520842859320225,
      "cov": 0.8518518518518519,
      "det": 46,
      "n": 54,
      "info": "blend"
    },
    "RL-fresh": {
      "auc": 0.9354519128181681,
      "cov": 0.8333333333333334,
      "det": 45,
      "n": 54,
      "info": "fisher(phase+topo+kernel)"
    },
    "RL-pretrained": {
      "auc": 0.9568472793781435,
      "cov": 0.8888888888888888,
      "det": 48,
      "n": 54,
      "info": "fusion(phase+topo+kernel)"
    }
  }
}