{
  "multi_seed": {
    "UDL-QDA-Mag": {
      "synthetic": [
        1.0,
        1.0,
        1.0,
        1.0,
        1.0
      ],
      "mimic": [
        1.0,
        1.0,
        1.0,
        1.0,
        1.0
      ],
      "mammography": [
        0.8456745929281786,
        0.8416703833243352,
        0.8628944547467586,
        0.8616503524956378,
        0.8811099895933585
      ],
      "shuttle": [
        0.8574095561517179,
        0.8357808445388064,
        0.8664749712434006,
        0.7978971108075439,
        0.8796390018122602
      ],
      "pendigits": [
        0.751295534217345,
        0.7645366559975615,
        0.8161103490321597,
        0.715954122847127,
        0.8051364121322969
      ]
    },
    "UDL-Fisher": {
      "synthetic": [
        1.0,
        1.0,
        1.0,
        1.0,
        1.0
      ],
      "mimic": [
        1.0,
        1.0,
        1.0,
        1.0,
        1.0
      ],
      "mammography": [
        0.8841830786444762,
        0.867546145239157,
        0.9060194205143854,
        0.8893296714474623,
        0.907484566089998
      ],
      "shuttle": [
        0.838149263666471,
        0.8217845184343975,
        0.8294733656285032,
        0.7980902692056595,
        0.8325364692199235
      ],
      "pendigits": [
        0.7755868007925621,
        0.7876848041457094,
        0.8675125743026978,
        0.8031169029111416,
        0.8387250419143424
      ]
    },
    "IF": {
      "synthetic": [
        1.0,
        1.0,
        1.0,
        1.0,
        1.0
      ],
      "mimic": [
        1.0,
        1.0,
        1.0,
        1.0,
        1.0
      ],
      "mammography": [
        0.8743711023997873,
        0.8541387917341534,
        0.9002409959077643,
        0.8785357151240583,
        0.8969644687526899
      ],
      "shuttle": [
        0.9327397312880945,
        0.9388046763991069,
        0.9243463702679622,
        0.937287754351893,
        0.9406539680449719
      ],
      "pendigits": [
        0.9056546258192348,
        0.9141518061271148,
        0.9176954732510288,
        0.9098841639993903,
        0.9103795153177869
      ]
    },
    "LOF": {
      "synthetic": [
        1.0,
        1.0,
        1.0,
        1.0,
        1.0
      ],
      "mimic": [
        1.0,
        1.0,
        1.0,
        1.0,
        1.0
      ],
      "mammography": [
        0.8374901215151443,
        0.8533563374881654,
        0.8651205370765944,
        0.8158259195793527,
        0.8694064302089936
      ],
      "shuttle": [
        0.9901354348967047,
        0.9934092983024007,
        0.9943698327271132,
        0.9882687704245003,
        0.9944246942839744
      ],
      "pendigits": [
        0.9774424630391708,
        0.9730986130163086,
        0.9692501143118426,
        0.9769852156683433,
        0.9602956866331351
      ]
    },
    "OCSVM": {
      "synthetic": [
        1.0,
        1.0,
        1.0,
        1.0,
        1.0
      ],
      "mimic": [
        1.0,
        1.0,
        1.0,
        1.0,
        1.0
      ],
      "mammography": [
        0.7979018489393833,
        0.774121108268194,
        0.7844847147563047,
        0.770541380092799,
        0.8106225988435327
      ],
      "shuttle": [
        0.9208919209042647,
        0.9480641642481864,
        0.9460363439527021,
        0.9073566604673109,
        0.9538173128443705
      ],
      "pendigits": [
        0.9381953970431336,
        0.9301935680536504,
        0.9555326931870142,
        0.9493598536808413,
        0.9250495351318396
      ]
    },
    "EE": {
      "synthetic": [
        1.0,
        1.0,
        1.0,
        1.0,
        1.0
      ],
      "mimic": [
        1.0,
        1.0,
        1.0,
        1.0,
        1.0
      ],
      "mammography": [
        0.8550053598115851,
        0.8518031658098794,
        0.8714388551129473,
        0.8612747744575637,
        0.8724853876669562
      ],
      "shuttle": [
        0.9235092743461875,
        0.9194966086414268,
        0.9148525778531209,
        0.9229336851787847,
        0.9252268982555854
      ],
      "pendigits": [
        null,
        null,
        null,
        null,
        null
      ]
    },
    "kNN": {
      "synthetic": [
        1.0,
        1.0,
        1.0,
        1.0,
        1.0
      ],
      "mimic": [
        1.0,
        1.0,
        1.0,
        1.0,
        1.0
      ],
      "mammography": [
        0.8764093957105858,
        0.8699795779441797,
        0.9090162202765193,
        0.8724795192601114,
        0.8835766766038355
      ],
      "shuttle": [
        0.9833646044207444,
        0.9857917711322145,
        0.9864318226289293,
        0.9763633554059664,
        0.9889399101367699
      ],
      "pendigits": [
        0.9719935985368084,
        0.966468526139308,
        0.9710028959000152,
        0.9730224051211706,
        0.9535893918609968
      ]
    }
  },
  "gravity_engine": {
    "synthetic": [
      0.9991111111111112,
      0.9997777777777778,
      0.9991111111111112,
      0.9988888888888888,
      0.9988888888888888
    ],
    "mimic": [
      0.9904444444444443,
      0.9975555555555556,
      0.9942222222222222,
      0.9933333333333333,
      0.9984444444444444
    ],
    "mammography": [
      0.9010254062893672,
      0.8889188829683184,
      0.9069153306260417,
      0.8891810051407243,
      0.911443784574697
    ],
    "shuttle": [
      0.7367609919700968,
      0.7728155499596767,
      0.7333545464686531,
      0.7470036446360941,
      0.7306896463441173
    ],
    "pendigits": [
      0.7545343697607072,
      0.7692805974698979,
      0.7809023014784331,
      0.7736244474927603,
      0.7738149672306052
    ]
  },
  "mdn_unsupervised": {
    "synthetic": [
      1.0,
      1.0,
      1.0,
      1.0,
      1.0
    ],
    "mimic": [
      1.0,
      1.0,
      1.0,
      1.0,
      1.0
    ],
    "mammography": [
      0.8669886465888905,
      0.849228891340579,
      0.887326588577733,
      0.871654030030594,
      0.8881657707565551
    ],
    "shuttle": [
      0.6640360550151692,
      0.6416022500553187,
      0.6651940910445824,
      0.6811903494864044,
      0.6569054241621268
    ],
    "pendigits": [
      0.5694444444444444,
      0.5795610425240054,
      0.6793171772595641,
      0.5686633135192806,
      0.6615607376924248
    ]
  },
  "separation_delta": {
    "synthetic": {
      "delta_cohen": 14.589,
      "delta_raw": 66437499865.332,
      "per_law": {
        "statistical": 0.777,
        "chaos": 0.127,
        "spectral": 9.592,
        "geometric": 14.762,
        "exponential": 28.863
      }
    },
    "mimic": {
      "delta_cohen": 13.688,
      "delta_raw": 60643202864.398,
      "per_law": {
        "statistical": 2.062,
        "chaos": 2.256,
        "spectral": 6.303,
        "geometric": 13.474,
        "exponential": 40.966
      }
    },
    "mammography": {
      "delta_cohen": 3.343,
      "delta_raw": 37660010136.887,
      "per_law": {
        "statistical": 1.947,
        "chaos": 0.184,
        "spectral": 2.293,
        "geometric": 3.863,
        "exponential": 2.587
      }
    },
    "shuttle": {
      "delta_cohen": 0.427,
      "delta_raw": 47862886180.561,
      "per_law": {
        "statistical": 1.299,
        "chaos": 0.25,
        "spectral": 0.639,
        "geometric": 0.423,
        "exponential": 4.036
      }
    },
    "pendigits": {
      "delta_cohen": 0.805,
      "delta_raw": 1.0905196111711646e+19,
      "per_law": {
        "statistical": 1.622,
        "chaos": 1.132,
        "spectral": 0.819,
        "geometric": 2.417,
        "exponential": 0.353
      }
    }
  },
  "deep_svdd": {
    "synthetic": [
      0.987111111111111,
      0.9842222222222223,
      0.9757777777777777,
      0.9737777777777777,
      0.9826666666666667
    ],