{
  "threshold_p75_pre07": 30.14829127782219,
  "labels_crisis_n": 23,
  "labels_total": 140,
  "point": {
    "auroc": 0.8052768487551096,
    "auprc": 0.5491968407860323
  },
  "bootstrap": {
    "auroc": 0.8053,
    "auroc_lo": 0.4791,
    "auroc_hi": 0.965,
    "hr": 0.8696,
    "hr_lo": 0.0,
    "hr_hi": 1.0,
    "far": 0.5214,
    "far_lo": 0.29,
    "far_hi": 0.7501,
    "threshold": 30.1483,
    "n_boot": 1000,
    "block_len": 8,
    "alpha": 0.05,
    "ci_label": "95%",
    "auroc_boot_mean": 0.7939,
    "auroc_boot_std": 0.121
  }
}