{
  "MFLS_Enhanced": {
    "label": "MFLS_Enhanced",
    "threshold": 30.14829127782219,
    "primary": {
      "hr": 0.8695652173913043,
      "far": 0.5213675213675214,
      "selectivity": 1.667854597291518,
      "precision": 0.24691358024691357,
      "recall": 0.8695652173913043,
      "tp": 20,
      "fp": 61,
      "n_crisis": 23,
      "n_calm": 117,
      "auroc": 0.8052768487551096,
      "auprc": 0.5491968407860323
    },
    "time_to_alarm_quarters": {
      "GFC": 66.3,
      "COVID": 115.3,
      "RateShock": 123.3
    },
    "robustness_sweep": [
      {
        "shift_quarters": -1,
        "hr": 0.8181818181818182,
        "far": 0.5338983050847458,
        "selectivity": 1.5324675324675325,
        "precision": 0.2222222222222222,
        "recall": 0.8181818181818182,
        "tp": 18,
        "fp": 63,
        "n_crisis": 22,
        "n_calm": 118,
        "auroc": 0.7561633281972264,
        "auprc": 0.4704198935618733
      },
      {
        "shift_quarters": 0,
        "hr": 0.8695652173913043,
        "far": 0.5213675213675214,
        "selectivity": 1.667854597291518,
        "precision": 0.24691358024691357,
        "recall": 0.8695652173913043,
        "tp": 20,
        "fp": 61,
        "n_crisis": 23,
        "n_calm": 117,
        "auroc": 0.8052768487551096,
        "auprc": 0.5491968407860323
      },
      {
        "shift_quarters": 1,
        "hr": 0.9130434782608695,
        "far": 0.5128205128205128,
        "selectivity": 1.7804347826086957,
        "precision": 0.25925925925925924,
        "recall": 0.9130434782608695,
        "tp": 21,
        "fp": 60,
        "n_crisis": 23,
        "n_calm": 117,
        "auroc": 0.8049052396878483,
        "auprc": 0.5254059786929489
      }
    ],
    "robustness_summary": {
      "hr_mean": 0.8669301712779974,
      "hr_std": 0.03877190769318088,
      "far_mean": 0.52269544642426,
      "far_std": 0.008656052618477465,
      "auroc_mean": 0.7887818055467282,
      "auroc_std": 0.023065245453924604
    }
  }
}