{
  "Re_6283": {
    "Re": 6283,
    "constant": {
      "peak_enstrophy": 0.38282910521315894,
      "PD": 16.306290905736063
    },
    "adaptive": {
      "peak_enstrophy": 0.3817624387874946,
      "PD": 8.15845196721662,
      "gamma_max": 0.9942882982045608,
      "nu_eff_max": 0.0019942882982045607
    },
    "enstrophy_ratio": 0.9972137269315758
  }
}