{
  "elliptic": {
    "mean_abs_pearson": NaN,
    "max_abs_pearson": NaN,
    "pca_variance": [
      0.5983096679636689,
      0.3035300506481993,
      0.09816028138813176,
      1.8338139506334982e-17
    ],
    "vif": [
      1.299589784766632,
      10000000000.0,
      1.1682130778619637,
      1.237053811986568
    ],
    "combined_auc": 0.9232725418161526
  },
  "xblock": {
    "mean_abs_pearson": 0.20105662311105008,
    "max_abs_pearson": 0.5039210402133671,
    "pca_variance": [
      0.6979453940645269,
      0.21509130167714538,
      0.047339075008629966,
      0.039624229249697676
    ],
    "vif": [
      1.0892797019284135,
      1.0601069657011837,
      1.4135861353286514,
      1.446637451515126
    ],
    "combined_auc": 0.6809216825353149
  },
  "conclusion": "Components are near-orthogonal and non-redundant"
}