{
  "dataset": "IEEE-CIS Fraud Detection",
  "protocol": "V2: both orientations + QS+SLR + EG+SLR combos",
  "seeds": [
    42,
    123
  ],
  "per_seed": [
    {
      "seed": 42,
      "n_total": 590540,
      "n_test": 118108,
      "n_fraud_test": 4133,
      "features_mapped": 74,
      "positive": {
        "orientation": "POSITIVE (p)",
        "base_auc": 0.6550882880991419,
        "base_f1": 0.181602935953593,
        "base_fdr": 0.8797899851108847,
        "mfls_f1": 0.1919238446184554,
        "mfls_fdr": 0.8594400089958394,
        "slr_f1": 0.20820575627679117,
        "slr_fdr": 0.7891865079365079,
        "slr_auc": 0.683854163178292,
        "slr5_f1": 0.25603217158176944,
        "slr5_fdr": 0.5836512261580381,
        "slr5_auc": 0.7197284945447613,
        "qs_f1": 0.26083072800357304,
        "qs_fdr": 0.6609907120743034,
        "qs_auc": 0.6073038905397508,
        "eg_f1": 0.2606249074485414,
        "eg_fdr": 0.6641221374045801,
        "eg_auc": 0.6730906038403816,
        "qslr_f1": 0.18926174496644294,
        "qslr_fdr": 0.8432586946164841,
        "qslr_auc": 0.6529062987747758,
        "egslr_f1": 0.2085308056872038,
        "egslr_fdr": 0.79052734375,
        "egslr_auc": 0.683821373207913,
        "mfls_auc": 0.6407851684351629
      },
      "negative": {
        "orientation": "NEGATIVE (1-p)",
        "base_auc": 0.6550949082935369,
        "base_f1": 0.181602935953593,
        "base_fdr": 0.8797899851108847,
        "mfls_f1": 0.19193857965451053,
        "mfls_fdr": 0.8594242015294646,
        "slr_f1": 0.20820575627679117,
        "slr_fdr": 0.7891865079365079,
        "slr_auc": 0.683854163178292,
        "slr5_f1": 0.25603217158176944,
        "slr5_fdr": 0.5836512261580381,
        "slr5_auc": 0.7197272547841307,
        "qs_f1": 0.2608695652173913,
        "qs_fdr": 0.6608594657375145,
        "qs_auc": 0.6073042960094089,
        "eg_f1": 0.2606635071090047,
        "eg_fdr": 0.6639938907980145,
        "eg_auc": 0.6731043070165303,
        "qslr_f1": 0.18926174496644294,
        "qslr_fdr": 0.8432586946164841,
        "qslr_auc": 0.6529062987747758,
        "egslr_f1": 0.2085308056872038,
        "egslr_fdr": 0.79052734375,
        "egslr_auc": 0.683821373207913,
        "mfls_auc": 0.6407851684351629
      },
      "best_orientation": "NEGATIVE"
    },
    {
      "seed": 123,
      "n_total": 590540,
      "n_test": 118108,
      "n_fraud_test": 4133,
      "features_mapped": 74,
      "positive": {
        "orientation": "POSITIVE (p)",
        "base_auc": 0.6462971390984361,
        "base_f1": 0.17718389451377442,
        "base_fdr": 0.8829249319331,
        "mfls_f1": 0.1864663935669853,
        "mfls_fdr": 0.8641838877224003,
        "slr_f1": 0.21638993036957688,
        "slr_fdr": 0.7577211394302849,
        "slr_auc": 0.6883852993472629,
        "slr5_f1": 0.27064582346439287,
        "slr5_fdr": 0.6104545454545455,
        "slr5_auc": 0.7184670890521229,
        "qs_f1": 0.2718843312902719,
        "qs_fdr": 0.6121076233183856,
        "qs_auc": 0.6058370159513569,
        "eg_f1": 0.27158948685857326,
        "eg_fdr": 0.6157591854803011,
        "eg_auc": 0.6652489310381557,
        "qslr_f1": 0.19331925513534268,
        "qslr_fdr": 0.8397772474144789,
        "qslr_auc": 0.6422224333306251,
        "egslr_f1": 0.21459227467811157,
        "egslr_fdr": 0.7374868743437172,
        "egslr_auc": 0.6883996393867494,
        "mfls_auc": 0.6365135673535752
      },
      "negative": {
        "orientation": "NEGATIVE (1-p)",
        "base_auc": 0.646283286259403,
        "base_f1": 0.17718389451377442,
        "base_fdr": 0.8829249319331,
        "mfls_f1": 0.18650883982092728,
        "mfls_fdr": 0.8641388458987398,
        "slr_f1": 0.21638993036957688,
        "slr_fdr": 0.7577211394302849,
        "slr_auc": 0.6883852993472629,
        "slr5_f1": 0.2706885660138977,
        "slr5_fdr": 0.6102773988176444,
        "slr5_auc": 0.7184680931733186,
        "qs_f1": 0.27192706696007546,
        "qs_fdr": 0.6119336025123374,
        "qs_auc": 0.6058406269664813,
        "eg_f1": 0.2726575678576905,
        "eg_fdr": 0.6277219430485762,
        "eg_auc": 0.6651563045728858,
        "qslr_f1": 0.19331925513534268,
        "qslr_fdr": 0.8397772474144789,
        "qslr_auc": 0.6422224333306251,
        "egslr_f1": 0.21459227467811157,
        "egslr_fdr": 0.7374868743437172,
        "egslr_auc": 0.6883996393867494,
        "mfls_auc": 0.6365135673535752
      },
      "best_orientation": "POSITIVE"
    }
  ]
}