{
  "dataset": "C:\\Users\\Administrator\\Downloads\\labelled_eth.parquet",
  "n": 9816,
  "pos_rate": 0.22198451507742462,
  "split_sizes": {
    "train_fit": 4711,
    "cal": 1178,
    "val": 1963,
    "test": 1964
  },
  "xgb_orientation": "flipped",
  "lgb_orientation": "flipped",
  "models": {
    "XGB": {
      "uncalibrated": {
        "roc_auc": 0.7037959616215956,
        "pr_auc": 0.37898454892369837,
        "f1": 0.3633333333333333,
        "prec": 0.2219959266802444,
        "rec": 1.0,
        "fdr": 0.7780040733197556,
        "tp": 436,
        "fp": 1528,
        "fn": 0,
        "tn": 0,
        "threshold": 0.05
      },
      "platt": {
        "roc_auc": 0.7037959616215956,
        "pr_auc": 0.37898454892369837,
        "f1": 0.3633333333333333,
        "prec": 0.2219959266802444,
        "rec": 1.0,
        "fdr": 0.7780040733197556,
        "tp": 436,
        "fp": 1528,
        "fn": 0,
        "tn": 0,
        "threshold": 0.05
      },
      "isotonic": {
        "roc_auc": 0.7361454680820404,
        "pr_auc": 0.4032113000352694,
        "f1": 0.5123384253819037,
        "prec": 0.5253012048192771,
        "rec": 0.5,
        "fdr": 0.4746987951807229,
        "tp": 218,
        "fp": 197,
        "fn": 218,
        "tn": 1331,
        "threshold": 0.21999999999999997
      },
      "mlfs_base": {
        "roc_auc": 0.7037959616215956,
        "pr_auc": 0.37898454892369837,
        "best_lambda": 0.05,
        "best_tau": 0.2,
        "f1": 0.3633333333333333,
        "prec": 0.2219959266802444,
        "rec": 1.0,
        "fdr": 0.7780040733197556,
        "tp": 436,
        "fp": 1528,
        "fn": 0,
        "tn": 0,
        "threshold": 0.05
      },
      "quadsurf": {
        "roc_auc": 0.8531674792257073,
        "pr_auc": 0.6480151238869329,
        "best_alpha": 0.1,
        "f1": 0.6110607434270172,
        "prec": 0.5052473763118441,
        "rec": 0.7729357798165137,
        "fdr": 0.4947526236881559,
        "tp": 337,
        "fp": 330,
        "fn": 99,
        "tn": 1198,
        "threshold": 0.5499999999999999
      },
      "quarsurf_expogate": {
        "roc_auc": 0.8530083697583937,
        "pr_auc": 0.6480749559168166,
        "best_alpha": 0.1,
        "best_gate_k": 2.0,
        "best_gate_tau": 0.2,
        "f1": 0.6155234657039711,
        "prec": 0.5074404761904762,
        "rec": 0.7821100917431193,
        "fdr": 0.49255952380952384,
        "tp": 341,
        "fp": 331,
        "fn": 95,
        "tn": 1197,
        "threshold": 0.37999999999999995
      },
      "signed_lr": {
        "roc_auc": 0.8308201042317115,
        "pr_auc": 0.6333361216572376,
        "f1": 0.5947955390334573,
        "prec": 0.5,
        "rec": 0.7339449541284404,
        "fdr": 0.5,
        "tp": 320,
        "fp": 320,
        "fn": 116,
        "tn": 1208,
        "threshold": 0.5499999999999999
      }
    },
    "LGB": {
      "uncalibrated": {
        "roc_auc": 0.746503344300879,
        "pr_auc": 0.41985661329965884,
        "f1": 0.3633333333333333,
        "prec": 0.2219959266802444,
        "rec": 1.0,
        "fdr": 0.7780040733197556,
        "tp": 436,
        "fp": 1528,
        "fn": 0,
        "tn": 0,
        "threshold": 0.05
      },
      "platt": {
        "roc_auc": 0.746503344300879,
        "pr_auc": 0.41985661329965884,
        "f1": 0.3633333333333333,
        "prec": 0.2219959266802444,
        "rec": 1.0,
        "fdr": 0.7780040733197556,
        "tp": 436,
        "fp": 1528,
        "fn": 0,
        "tn": 0,
        "threshold": 0.05
      },
      "isotonic": {
        "roc_auc": 0.7700860692156203,
        "pr_auc": 0.4632594345908911,
        "f1": 0.5420393559928444,
        "prec": 0.4442815249266862,
        "rec": 0.694954128440367,
        "fdr": 0.5557184750733137,
        "tp": 303,
        "fp": 379,
        "fn": 133,
        "tn": 1149,
        "threshold": 0.19
      },
      "mlfs_base": {
        "roc_auc": 0.746503344300879,
        "pr_auc": 0.41985661329965884,
        "best_lambda": 0.05,
        "best_tau": 0.2,
        "f1": 0.3633333333333333,
        "prec": 0.2219959266802444,
        "rec": 1.0,
        "fdr": 0.7780040733197556,
        "tp": 436,
        "fp": 1528,
        "fn": 0,
        "tn": 0,
        "threshold": 0.05
      },
      "quadsurf": {
        "roc_auc": 0.8531689802584177,
        "pr_auc": 0.6480169314219557,
        "best_alpha": 0.1,
        "f1": 0.6110607434270172,
        "prec": 0.5052473763118441,
        "rec": 0.7729357798165137,
        "fdr": 0.4947526236881559,
        "tp": 337,
        "fp": 330,
        "fn": 99,
        "tn": 1198,
        "threshold": 0.5499999999999999
      },
      "quarsurf_expogate": {
        "roc_auc": 0.8531644771602864,
        "pr_auc": 0.6481075507380409,
        "best_alpha": 0.1,
        "best_gate_k": 2.0,
        "best_gate_tau": 0.2,
        "f1": 0.6155234657039711,
        "prec": 0.5074404761904762,
        "rec": 0.7821100917431193,
        "fdr": 0.49255952380952384,
        "tp": 341,
        "fp": 331,
        "fn": 95,
        "tn": 1197,
        "threshold": 0.37999999999999995
      },
      "signed_lr": {
        "roc_auc": 0.8308201042317115,
        "pr_auc": 0.6333361216572376,
        "f1": 0.5947955390334573,
        "prec": 0.5,
        "rec": 0.7339449541284404,
        "fdr": 0.5,
        "tp": 320,
        "fp": 320,
        "fn": 116,
        "tn": 1208,
        "threshold": 0.5499999999999999
      }
    }
  }
}