{
  "alternate_normal_period": {},
  "rolling_refit": {
    "window_quarters": 40,
    "refit_every": 4,
    "threshold": 24.796807933148255,
    "metrics": {
      "hr": 1.0,
      "far": 0.7735849056603774,
      "selectivity": 1.292682926829268,
      "precision": 0.359375,
      "recall": 1.0,
      "tp": 23,
      "fp": 41,
      "n_crisis": 23,
      "n_calm": 53,
      "auroc": 0.7940935192780969,
      "auprc": 0.6752150984344919
    },
    "time_to_alarm_quarters": {
      "GFC": 10.3,
      "COVID": 59.3,
      "RateShock": 67.3
    },
    "signal": [
      24.796807933148255,
      24.796807933148255,
      24.796807933148255,
      24.796807933148255,
      24.796807933148255,
      24.796807933148255,
      24.796807933148255,
      24.796807933148255,
      24.796807933148255,
      24.796807933148255,
      24.796807933148255,
      24.796807933148255,
      24.796807933148255,
      24.796807933148255,
      24.796807933148255,
      24.796807933148255,
      24.796807933148255,
      24.796807933148255,
      24.796807933148255,
      24.796807933148255,
      24.796807933148255,
      24.796807933148255,
      24.796807933148255,
      24.796807933148255,
      24.796807933148255,
      24.796807933148255,
      24.796807933148255,
      24.796807933148255,
      24.796807933148255,
      24.796807933148255,
      24.796807933148255,
      24.796807933148255,
      24.796807933148255,
      24.796807933148255,
      24.796807933148255,
      24.796807933148255,
      24.796807933148255,
      24.796807933148255,
      24.796807933148255,
      24.796807933148255,
      24.796807933148255,
      24.482415992851163,
      24.174607560823056,
      23.90214924005828,
      25.447830804990584,
      25.025876567742994,
      24.684443469619364,
      24.019436885698912,
      23.72137639494145,
      22.92284944148546,
      21.975360539686616,
      21.025503271114356,
      22.51621702970217,
      22.791244153022443,
      23.874127229842642,
      25.993147911361294,
      30.635328430915635,
      34.25769920378708,
      38.556057004188084,
      43.47524271256124,
      33.16302928149028,
      33.81867376156649,
      35.575224452647134,
      37.01536906737476,
      35.86898528147005,
      39.098216323600994,
      43.185872221195694,
      48.74664968166882,
      45.50669949898231,
      52.696723596971395,
      60.73794339428377,
      69.07108454238066,
      51.42208546838903,
      55.08205067722204,
      60.62383384123035,
      69.38091564797948
    ]
  },
  "loco_threshold": {
    "loco_GFC": {
      "left_out": "GFC",
      "threshold": 27.75258040687428,
      "metrics": {
        "hr": 0.8695652173913043,
        "far": 0.7358490566037735,
        "selectivity": 1.1817168338907469,
        "precision": 0.3389830508474576,
        "recall": 0.8695652173913043,
        "tp": 20,
        "fp": 39,
        "n_crisis": 23,
        "n_calm": 53,
        "auroc": 0.7809680065627563,
        "auprc": 0.726085164464741
      },
      "time_to_alarm_quarters": {
        "GFC": 3.3,
        "COVID": 52.3,
        "RateShock": 60.3
      }
    },
    "loco_COVID": {
      "left_out": "COVID",
      "threshold": 32.957692524377364,
      "metrics": {
        "hr": 0.6956521739130435,
        "far": 0.2641509433962264,
        "selectivity": 2.6335403726708075,
        "precision": 0.5333333333333333,
        "recall": 0.6956521739130435,
        "tp": 16,
        "fp": 14,
        "n_crisis": 23,
        "n_calm": 53,
        "auroc": 0.7809680065627563,
        "auprc": 0.726085164464741
      },
      "time_to_alarm_quarters": {
        "GFC": null,
        "COVID": 42.3,
        "RateShock": 50.3
      }
    },
    "loco_RateShock": {
      "left_out": "RateShock",
      "threshold": 33.93191682206074,
      "metrics": {
        "hr": 0.6521739130434783,
        "far": 0.18867924528301888,
        "selectivity": 3.4565217391304346,
        "precision": 0.6,
        "recall": 0.6521739130434783,
        "tp": 15,
        "fp": 10,
        "n_crisis": 23,
        "n_calm": 53,
        "auroc": 0.7809680065627563,
        "auprc": 0.726085164464741
      },
      "time_to_alarm_quarters": {
        "GFC": null,
        "COVID": 41.3,
        "RateShock": 49.3
      }
    }
  }
}