{
  "generated": "2026-02-14",
  "theory": "Blind Spot Decomposition Theory v1.0",
  "elliptic": {
    "dataset": "Elliptic (Bitcoin)",
    "source": "Weber et al. 2019",
    "total_samples": 46564,
    "total_fraud": 4545,
    "fraud_rate": 0.09760759384932566,
    "baseline": {
      "recall": 0.1350935093509351,
      "precision": 0.036887954340642834,
      "f1": 0.057951864086833414,
      "caught": 614,
      "missed": 3931
    },
    "correction_fixed": {
      "f1": 0.25178911430634887,
      "recall": 0.8437843784378438,
      "precision": 0.14797237334568045,
      "lambda": 2.3,
      "threshold": 0.1,
      "pred_threshold": 0.8500000000000001,
      "caught": 3835,
      "missed": 710,
      "weights": [
        0.3,
        0.25,
        0.25,
        0.2
      ]
    },
    "correction_mi": {
      "f1": 0.24291573452647278,
      "recall": 0.86006600660066,
      "precision": 0.14143058721371973,
      "lambda": 2.05,
      "threshold": 0.1,
      "pred_threshold": 0.8500000000000001,
      "caught": 3909,
      "missed": 636,
      "weights": [
        0.23634208971989748,
        0.0,
        0.230813628875555,
        0.5328442814045475
      ]
    },
    "correction_vr": {
      "f1": 0.24110514198004604,
      "recall": 0.864026402640264,
      "precision": 0.1400998929718159,
      "lambda": 2.25,
      "threshold": 0.1,
      "pred_threshold": 0.8500000000000001,
      "caught": 3927,
      "missed": 618,
      "weights": [
        0.13864548405659638,
        0.0,
        0.2999089722196593,
        0.5614455437237443
      ]
    },
    "orthogonality": {
      "active_components": [
        "C",
        "A",
        "T"
      ],
      "degenerate_components": [
        "G (zero variance on dense features)"
      ],
      "mean_abs_pearson_active": 0.3473771753669597,
      "max_abs_pearson_active": 0.4135824476355958,
      "pca_variance_explained": [
        0.5983096679636689,
        0.3035300506481993,
        0.09816028138813176,
        1.8338139506334982e-17
      ],
      "vif_C": 1.3,
      "vif_A": 1.17,
      "vif_T": 1.24,
      "normalised_MI_mean": 0.051
    },
    "predictive_power": {
      "combined_auc": 0.9232725418161526,
      "individual_auc_C": 0.7649726738697198,
      "individual_auc_G": 0.5,
      "individual_auc_A": 0.6150245679758014,
      "individual_auc_T": 0.06423383109059347
    },
    "recall_improvement_pp": 70.9
  },
  "xblock": {
    "dataset": "XBlock (Ethereum Phishing)",
    "source": "Wu et al. 2022",
    "total_samples": 7873,
    "total_fraud": 1743,
    "fraud_rate": 0.22138955925314366,
    "baseline": {
      "recall": 0.9351692484222605,
      "precision": 0.26042498801725517,
      "f1": 0.4073981504623844,
      "caught": 1630,
      "missed": 113
    },
    "correction_fixed": {
      "f1": 0.4051660516605166,
      "recall": 0.9449225473321858,
      "precision": 0.25786754344762797,
      "lambda": 0.049999999999999996,
      "threshold": 0.30000000000000004,
      "pred_threshold": 0.25,
      "caught": 1647,
      "missed": 96,
      "weights": [
        0.3,
        0.25,
        0.25,
        0.2
      ]
    },
    "correction_mi": {
      "f1": 0.40831811156386116,
      "recall": 0.8336201950659782,
      "precision": 0.27037588388537404,
      "lambda": 0.03,
      "threshold": 0.30000000000000004,
      "pred_threshold": 0.25,
      "caught": 1453,
      "missed": 290,
      "weights": [
        0.06908720270689966,
        0.4194153754885519,
        0.4504987999331668,
        0.060998621871381595
      ]
    },
    "correction_vr": {
      "f1": 0.4025126842232423,
      "recall": 0.9558232931726908,
      "precision": 0.25493496557000767,
      "lambda": 0.06999999999999999,
      "threshold": 0.30000000000000004,
      "pred_threshold": 0.25,
      "caught": 1666,
      "missed": 77,
      "weights": [
        0.00034106551135925555,
        0.05086258290796774,
        0.8065391295565654,
        0.14225722202410768
      ]
    },
    "orthogonality": {
      "active_components": [
        "C",
        "G",
        "A",
        "T"
      ],
      "degenerate_components": [],
      "mean_abs_pearson": 0.20105662311105008,
      "max_abs_pearson": 0.5039210402133671,
      "pca_variance_explained": [
        0.6979453940645269,
        0.21509130167714538,
        0.047339075008629966,
        0.039624229249697676
      ],
      "vif_C": 1.09,
      "vif_G": 1.06,
      "vif_A": 1.41,
      "vif_T": 1.45,
      "normalised_MI_mean": 0.064
    },
    "predictive_power": {
      "combined_auc": 0.8656919989052094,
      "individual_auc_C": 0.6387818173524313,
      "individual_auc_G": 0.5682915564273332,
      "individual_auc_A": 0.8066291852933126,
      "individual_auc_T": 0.8129801113037132
    },
    "recall_improvement_pp": 1.0
  },
  "abstract_numbers": {
    "elliptic_n": 46564,
    "xblock_n": 7873,
    "elliptic_recall_before": 0.1350935093509351,
    "elliptic_recall_after": 0.8437843784378438,
    "elliptic_recall_delta_pp": 70.9,
    "xblock_recall_before": 0.9351692484222605,
    "xblock_recall_after": 0.9449225473321858,
    "xblock_recall_delta_pp": 1.0,
    "orthogonality_mi_pass": true,
    "mean_normalised_mi_elliptic": 0.051,
    "mean_normalised_mi_xblock": 0.064,
    "combined_auc_elliptic": 0.9232725418161526,
    "combined_auc_xblock": 0.8656919989052094,
    "n_datasets": 6,
    "n_domains": 5,
    "total_samples_all": 336004,
    "mean_mfls_auc_all_datasets": 0.9387814762656146,
    "cross_domain_datasets": [
      "creditcard",
      "shuttle",
      "mammography",
      "pendigits"
    ]
  },
  "cross_domain": {
    "cross_domain_validation": true,
    "n_datasets": 4,
    "datasets": {
      "creditcard": {
        "dataset": "Credit Card Fraud (ULB)",
        "source": "Dal Pozzolo et al. 2015, OpenML",
        "total_samples": 227846,
        "total_fraud": 394,
        "fraud_rate": 0.0017292381696408978,
        "baseline": {
          "threshold": 0.05,
          "recall": 0.0,
          "precision": 0.0,
          "f1": 0.0,
          "caught": 0,
          "missed": 394
        },
        "correction_fixed": {
          "f1": 0.2098950524737631,
          "recall": 0.17766497461928935,
          "precision": 0.2564102564102564,
          "lambda": 1.05,
          "threshold": 0.1,
          "pred_threshold": 0.7500000000000001,
          "caught": 70,
          "missed": 324,
          "weights": [
            0.3,
            0.25,
            0.25,
            0.2
          ]
        },
        "correction_mi": {
          "f1": 0.22388059701492538,
          "recall": 0.19035532994923857,
          "precision": 0.2717391304347826,
          "lambda": 0.5,
          "threshold": 0.1,
          "pred_threshold": 0.35,
          "caught": 75,
          "missed": 319,
          "weights": [
            0.026395673950166617,
            0.02655518766581769,
            0.8651681528298266,
            0.08188098555418924
          ]
        },
        "correction_vr": {
          "f1": 0.006510113926993723,
          "recall": 0.03553299492385787,
          "precision": 0.0035833120040952137,
          "lambda": 0.6500000000000001,
          "threshold": 0.1,
          "pred_threshold": 0.55,
          "caught": 14,
          "missed": 380,
          "weights": [
            0.5205320904579089,
            0.3944564904191516,
            0.029493383123217785,
            0.055518035999721826
          ]
        },
        "best_correction_method": "MI",
        "orthogonality": {
          "active_components": [
            "C",
            "G",
            "A",
            "T"
          ],
          "degenerate_components": [],
          "mean_abs_pearson": 0.14616490487484723,
          "max_abs_pearson": 0.4047958945894042,
          "pca_variance_explained": [
            0.740670056515039,
            0.2507029246019067,
            0.008598428556555064,
            2.8590326499225557e-05
          ],