{
  "Credit Card": {
    "n": 227846,
    "fraud": 394,
    "mfls_auc": 0.8855192942588612,
    "current": {
      "rec": 0.19035532994923857,
      "prec": 0.27075812274368233,
      "f1": 0.22354694485842025,
      "fa": 0.7292418772563177,
      "tp": 75,
      "fp": 202
    },
    "fix1_lr": {
      "rec": 0.6573604060913706,
      "prec": 0.06917735042735043,
      "f1": 0.12518124697921704,
      "fa": 0.9308226495726496,
      "tp": 259,
      "fp": 3485,
      "auc": 0.9003281196563725,
      "coefs": [
        -2.2942241354666386,
        4.910551380705705,
        13.023408732110253,
        -30.817768102124006
      ]
    },
    "fix2_dir": {
      "rec": 0.19796954314720813,
      "prec": 0.24074074074074073,
      "f1": 0.21727019498607242,
      "fa": 0.7592592592592593,
      "tp": 78,
      "fp": 246,
      "w": [
        0.0,
        0.027275133188406225,
        0.8886239817154874,
        0.08410088509610648
      ]
    },
    "fix3_2stg": {
      "rec": 0.3629441624365482,
      "prec": 0.2143928035982009,
      "f1": 0.26955702167766254,
      "fa": 0.7856071964017991,
      "tp": 143,
      "fp": 524
    },
    "fix4_sq": {
      "rec": 0.19035532994923857,
      "prec": 0.26881720430107525,
      "f1": 0.22288261515601784,
      "fa": 0.7311827956989247,
      "tp": 75,
      "fp": 204
    },
    "noise_components": [
      "T"
    ]
  },
  "Shuttle": {
    "n": 39278,
    "fraud": 2809,
    "mfls_auc": 0.008035528909736623,
    "current": {
      "rec": 1.0,
      "prec": 0.07151768210403035,
      "f1": 0.13348857102124223,
      "fa": 0.9284823178959697,
      "tp": 2809,
      "fp": 36468
    },
    "fix1_lr": {
      "rec": 0.9615521537913848,
      "prec": 0.9097339171438195,
      "f1": 0.9349255797853928,
      "fa": 0.09026608285618053,
      "tp": 2701,
      "fp": 268,
      "auc": 0.9938819571821441,
      "coefs": [
        -17.367236103398586,
        -3.3301531606628485,
        2.872785323358899,
        -14.92955958852296
      ]
    },
    "fix2_dir": {
      "rec": 0.8654325382698469,
      "prec": 0.17222812610697838,
      "f1": 0.2872843299456393,
      "fa": 0.8277718738930216,
      "tp": 2431,
      "fp": 11684,
      "w": [
        0.0,
        0.0,
        1.0,
        0.0
      ]
    },
    "fix3_2stg": {
      "rec": 0,
      "prec": 0,
      "f1": 0,
      "fa": 0.0,
      "tp": 0,
      "fp": 0
    },
    "fix4_sq": {
      "rec": 0.9967960128159488,
      "prec": 0.07139214686384497,
      "f1": 0.13324133336505745,
      "fa": 0.928607853136155,
      "tp": 2800,
      "fp": 36420
    },
    "noise_components": [
      "C"
    ]
  },
  "Mammography": {
    "n": 8947,
    "fraud": 208,
    "mfls_auc": 0.1253075294656139,
    "current": {
      "rec": 1.0,
      "prec": 0.023250614799910575,
      "f1": 0.04544461437622897,
      "fa": 0.9767493852000895,
      "tp": 208,
      "fp": 8738
    },
    "fix1_lr": {
      "rec": 0.5384615384615384,
      "prec": 0.27586206896551724,
      "f1": 0.36482084690553745,
      "fa": 0.7241379310344828,
      "tp": 112,
      "fp": 294,
      "auc": 0.9222528101261367,
      "coefs": [
        -8.85608200892777,
        0.003210945565112283,
        -1.057335502911366,
        -18.196317805306887
      ]
    },
    "fix2_dir": {
      "rec": 1.0,
      "prec": 0.023250614799910575,
      "f1": 0.04544461437622897,
      "fa": 0.9767493852000895,
      "tp": 208,
      "fp": 8738,
      "w": [
        0.25,
        0.25,
        0.25,
        0.25
      ]
    },
    "fix3_2stg": {
      "rec": 0.03365384615384615,
      "prec": 0.0024849130280440185,
      "f1": 0.004628099173553719,
      "fa": 0.997515086971956,
      "tp": 7,
      "fp": 2810
    },
    "fix4_sq": {
      "rec": 0.9615384615384616,
      "prec": 0.022398924851607122,
      "f1": 0.043778045310276896,
      "fa": 0.9776010751483929,
      "tp": 200,
      "fp": 8729
    },
    "noise_components": [
      "C",
      "A"
    ]
  },
  "Pendigits": {
    "n": 5496,
    "fraud": 125,
    "mfls_auc": 0.025124557810463598,
    "current": {
      "rec": 1.0,
      "prec": 0.02274381368267831,
      "f1": 0.04447607187333215,
      "fa": 0.9772561863173217,
      "tp": 125,
      "fp": 5371
    },
    "fix1_lr": {
      "rec": 0.8,
      "prec": 0.7575757575757576,
      "f1": 0.7782101167315175,
      "fa": 0.24242424242424243,
      "tp": 100,
      "fp": 32,
      "auc": 0.9894023459318562,
      "coefs": [
        -10.137490541492111,
        -0.07068236015464366,
        -1.6041936443126463,
        -20.288247287256386
      ]
    },
    "fix2_dir": {
      "rec": 1.0,
      "prec": 0.02274381368267831,
      "f1": 0.04447607187333215,
      "fa": 0.9772561863173217,
      "tp": 125,
      "fp": 5371,
      "w": [
        0.25,
        0.25,
        0.25,
        0.25
      ]
    },
    "fix3_2stg": {
      "rec": 0,
      "prec": 0,
      "f1": 0,
      "fa": 0.0,
      "tp": 0,
      "fp": 0
    },
    "fix4_sq": {
      "rec": 1.0,
      "prec": 0.02274381368267831,
      "f1": 0.04447607187333215,
      "fa": 0.9772561863173217,
      "tp": 125,
      "fp": 5371
    },
    "noise_components": [
      "C",
      "A",
      "T"
    ]
  },
  "Elliptic": {
    "n": 37252,
    "fraud": 33616,
    "mfls_auc": 0.3196228940629665,
    "current": {
      "rec": 1.0,
      "prec": 0.9023945023086009,
      "f1": 0.948693345374499,
      "fa": 0.09760549769139912,
      "tp": 33616,
      "fp": 3636
    },
    "fix1_lr": {
      "rec": 0.990094002855783,
      "prec": 0.9113636363636364,
      "f1": 0.949098893578191,
      "fa": 0.08863636363636364,
      "tp": 33283,
      "fp": 3237,
      "auc": 0.8301804861441642,
      "coefs": [
        -6.679505617916603,
        0.0,
        5.831156200359788,
        15.419671267490353
      ]
    },
    "fix2_dir": {
      "rec": 1.0,
      "prec": 0.9023945023086009,
      "f1": 0.948693345374499,
      "fa": 0.09760549769139912,
      "tp": 33616,
      "fp": 3636,
      "w": [
        0.0,
        0.0,
        0.4360748297293748,
        0.5639251702706253
      ]
    },
    "fix3_2stg": {
      "rec": 0.27415516420752023,
      "prec": 0.8246241947029349,
      "f1": 0.41150205393820327,
      "fa": 0.17537580529706515,
      "tp": 9216,
      "fp": 1960
    },
    "fix4_sq": {
      "rec": 1.0,
      "prec": 0.9023945023086009,
      "f1": 0.948693345374499,
      "fa": 0.09760549769139912,
      "tp": 33616,
      "fp": 3636
    },
    "noise_components": [
      "C"
    ]
  }
}