{
  "dataset": "IEEE-CIS Fraud Detection",
  "source": "Vesta Corp / Kaggle",
  "protocol": "Frozen Elliptic-trained XGB applied to IEEE-CIS; BSDT fit per-dataset",
  "seeds": [
    42,
    123
  ],
  "per_seed": [
    {
      "seed": 42,
      "n_total": 590540,
      "n_test": 118108,
      "n_fraud_test": 4133,
      "features_mapped": 74,
      "base_f1": 0.1821112968712682,
      "base_fdr": 0.8791121680539041,
      "base_auc": 0.6550882880991419,
      "mfls_f1": 0.1919238446184554,
      "mfls_fdr": 0.8594400089958394,
      "slr_f1": 0.20820575627679117,
      "slr_fdr": 0.7891865079365079,
      "slr_auc": 0.683854163178292,
      "qs_f1": 0.09665763324299909,
      "qs_fdr": 0.2745762711864407,
      "qs_auc": 0.5368718313063654,
      "eg_f1": 0.15619921613612467,
      "eg_fdr": 0.8708912768647282,
      "eg_auc": 0.6588878487377394,
      "mfls_auc": 0.6396183703821741
    },
    {
      "seed": 123,
      "n_total": 590540,
      "n_test": 118108,
      "n_fraud_test": 4133,
      "features_mapped": 74,
      "base_f1": 0.17718389451377442,
      "base_fdr": 0.8829249319331,
      "base_auc": 0.6462971390984361,
      "mfls_f1": 0.1864663935669853,
      "mfls_fdr": 0.8641838877224003,
      "slr_f1": 0.21638993036957688,
      "slr_fdr": 0.7577211394302849,
      "slr_auc": 0.6883852993472629,
      "qs_f1": 0.09627611262488646,
      "qs_fdr": 0.2177121771217712,
      "qs_auc": 0.5373410902580237,
      "eg_f1": 0.15768181390535327,
      "eg_fdr": 0.8709975369458128,
      "eg_auc": 0.6507835939970749,
      "mfls_auc": 0.6365135673535752
    }
  ],
  "average": {
    "seed_mean": 82.5,
    "seed_std": 40.5,
    "n_total_mean": 590540.0,
    "n_total_std": 0.0,
    "n_test_mean": 118108.0,
    "n_test_std": 0.0,
    "n_fraud_test_mean": 4133.0,
    "n_fraud_test_std": 0.0,
    "features_mapped_mean": 74.0,
    "features_mapped_std": 0.0,
    "base_f1_mean": 0.1796475956925213,
    "base_f1_std": 0.002463701178746891,
    "base_fdr_mean": 0.881018549993502,
    "base_fdr_std": 0.001906381939597912,
    "base_auc_mean": 0.650692713598789,
    "base_auc_std": 0.0043955745003528834,
    "mfls_f1_mean": 0.18919511909272035,
    "mfls_f1_std": 0.002728725525735054,
    "mfls_fdr_mean": 0.8618119483591198,
    "mfls_fdr_std": 0.002371939363280451,
    "slr_f1_mean": 0.21229784332318402,
    "slr_f1_std": 0.004092087046392856,
    "slr_fdr_mean": 0.7734538236833963,
    "slr_fdr_std": 0.01573268425311153,
    "slr_auc_mean": 0.6861197312627774,
    "slr_auc_std": 0.0022655680844854698,
    "qs_f1_mean": 0.09646687293394277,
    "qs_f1_std": 0.00019076030905631342,
    "qs_fdr_mean": 0.24614422415410595,
    "qs_fdr_std": 0.028432047032334734,
    "qs_auc_mean": 0.5371064607821945,
    "qs_auc_std": 0.00023462947582914007,
    "eg_f1_mean": 0.15694051502073897,
    "eg_f1_std": 0.0007412988846142998,
    "eg_fdr_mean": 0.8709444069052705,
    "eg_fdr_std": 5.313004054230408e-05,
    "eg_auc_mean": 0.6548357213674072,
    "eg_auc_std": 0.004052127370332281,
    "mfls_auc_mean": 0.6380659688678747,
    "mfls_auc_std": 0.0015524015142994174
  }
}