{
  "summary": {
    "verdict": "PASS",
    "threshold": 0.7,
    "mean_cosine": 0.8615645685043392,
    "median_cosine": 0.8848351528050109,
    "min_cosine": 0.7355658370705694,
    "frac_steps_above_07": 1.0,
    "frac_steps_positive": 1.0,
    "n_steps_run": 200,
    "N_agents": 50,
    "d_dim": 4,
    "alpha": 0.1,
    "gamma": 1.0,
    "sigma": 1.0,
    "lambda_rep": 0.1,
    "gravity_available": true,
    "interpretation": "Theorem C is EMPIRICALLY SUPPORTED. Proceed to formal proof."
  },
  "cos_mean_per_step": [
    0.7709865405857568,
    0.7696753606574706,
    0.7683020490971033,
    0.7668842852888563,
    0.7654410854605441,
    0.7639928740939701,
    0.7625616491199197,
    0.7611713246782368,
    0.7598483655525793,
    0.7586228508660291,
    0.757530115364377,
    0.7566130948211872,
    0.7559253836995439,
    0.7555346232300505,
    0.7555247698342888,
    0.7559933170517048,
    0.7570351706853051,
    0.7587016702396735,
    0.7609350844593666,
    0.7635227110187265,
    0.7661437945679941,
    0.7684769763287355,
    0.7702096302840482,
    0.7709948504030713,
    0.7706344940994019,
    0.7693035898964956,
    0.7673979482065058,
    0.7652259277044747,
    0.7628490365394454,
    0.7601093199550236,
    0.7568443516241657,
    0.7531214863466628,
    0.7492278336026754,
    0.7454893574804576,
    0.742155797581415,
    0.7393930010064286,
    0.737314261018125,
    0.7360097993304775,
    0.7355658370705694,
    0.7360726847717147,
    0.7376204138104581,
    0.7402803929830247,
    0.7440781070207028,
    0.7489838447187533,
    0.7549678137734339,
    0.7621335429844946,
    0.770875107078564,
    0.7820412215101853,
    0.7968507715769598,
    0.8144492207586776,
    0.8289339952096132,
    0.8373502638977367,
    0.8422893725671803,
    0.8462620253940472,
    0.8503464638928222,
    0.8543684493915688,
    0.8573740411512166,
    0.8589407852911112,
    0.8595660826571548,
    0.859852962982274,
    0.8601326367681008,
    0.8605448360583384,
    0.8611530942731315,
    0.8620027980878853,
    0.8631424781534542,
    0.8646286776190643,
    0.866521370041964,
    0.8688672269945144,
    0.8716645158335562,
    0.874816797291803,
    0.8781302068581863,
    0.8814531004681677,
    0.8849656990897572,
    0.8894102546466566,
    0.8956143653972976,
    0.9023753379238773,
    0.906994594863886,
    0.9092185391190671,
    0.9100773347852891,
    0.9102741874618325,
    0.9101500553563677,
    0.9098651565332858,
    0.9094962758992666,
    0.9090807243488593,
    0.9086369069291304,
    0.9081742721632439,
    0.9076981105811928,
    0.9072118230106121,
    0.9067179733884276,
    0.9062187736151286,
    0.9057163079703492,
    0.9052126389085104,
    0.904709858719563,
    0.9042101165035241,
    0.9037156342778703,
    0.9032287190965941,
    0.9027517749840445,
    0.9022873171546523,
    0.9018379904845181,
    0.9014065941369037,
    0.9009961144741269,
    0.9006097688820565,
    0.9002510639266198,
    0.8999238724438624,
    0.8996325358822602,
    0.8993820006852742,
    0.8991780010342377,
    0.8990273052972603,
    0.8989380506160888,
    0.898920199881045,
    0.8989861684758744,
    0.8991516844637245,
    0.8994369625789883,
    0.8998682791617161,
    0.9004800014074925,
    0.9013169680931209,
    0.902436637206771,
    0.9039091536041896,
    0.9058106223275426,
    0.908199750066356,
    0.9110638868904007,
    0.914234925114743,
    0.9173392101427269,
    0.9199122918662568,
    0.9216698720979987,
    0.9226510543053908,
    0.923087723929407,
    0.9232124833587687,
    0.9231786815657056,
    0.923067880906008,
    0.9229184819975322,
    0.9227472848709722,
    0.9225612426682788,
    0.9223630083251361,
    0.9221533649261398,
    0.921932248911683,
    0.9216991701640854,
    0.9214533788969608,
    0.9211939256738888,
    0.9209196745023764,
    0.9206292932442396,
    0.9203212309225764,
    0.9199936854140749,
    0.91964456239414,
    0.9192714252019681,
    0.9188714347075798,
    0.9184412780028937,
    0.9179770847487654,
    0.9174743303740068,
    0.9169277262537624,
    0.916331098868524,
    0.915677263364286,
    0.9149579028144071,
    0.9141634741290429,
    0.9132831766480514,
    0.9123050417471208,
    0.9112162321528795,
    0.9100036757651356,
    0.9086551906007653,
    0.9071612604929077,
    0.9055175502012878,
    0.9037280424223217,
    0.9018082962297406,
    0.8997878275078084,
    0.8977102562272056,
    0.8956300835161289,
    0.893606041891913,
    0.8916925725725785,
    0.8899321120089121,
    0.8883506009479778,
    0.8869570911445505,
    0.8857466141003866,
    0.8847046065202647,
    0.883811324827124,
    0.883045341046298,
    0.8823858640648679,
    0.8818140271462623,
    0.8813134281378501,
    0.8808702026095249,
    0.8804728440584004,
    0.8801119125979738,
    0.8797797155221323,
    0.8794700035417768,
    0.8791777021521932,
    0.8788986838837763,
    0.8786295801786129,
    0.8783676285336932,
    0.8781105495774371,
    0.8778564488382892,
    0.877603738524826,
    0.8773510753486272,
    0.8770973111275356,
    0.8768414535396112,
    0.8765826349349601,
    0.8763200875540323,
    0.8760531238569561,
    0.8757811209522046,
    0.8755035083374126,
    0.8752197583421512,
    0.8749293788015952
  ],