{
  "threshold_metric": "f1",
  "optimal_threshold": 0.99,
  "test_metrics": {
    "ap": 0.6491048069144326,
    "auc": 0.9255403242795905,
    "f1": 0.6040723981900452,
    "precision": 0.5338220593135622,
    "recall": 0.6956144159791576
  },
  "val_metrics": {
    "ap": 0.6559912681860123,
    "auc": 0.9270964521274955
  },
  "confusion_matrix": {
    "tn": 260389,
    "fp": 1399,
    "fn": 701,
    "tp": 1602
  },
  "data_distribution": {
    "test_positives": 2303,
    "test_negatives": 261788,
    "imbalance_ratio": 113.67260095527573
  }
}