{
  "BTC_Val": {
    "ap": 0.6214833405721795,
    "auc": 0.9239253892484827,
    "f1": 0.5966646077825818,
    "n": 263136,
    "n_pos": 2102
  },
  "BTC_Test": {
    "ap": 0.6090792045030743,
    "auc": 0.9207614935008576,
    "f1": 0.5769867549668874,
    "n": 263081,
    "n_pos": 2059
  },
  "ETH_Val": {
    "ap": 0.9490544789550586,
    "auc": 0.9700535782625335,
    "f1": 0.8927680798004988,
    "n": 955,
    "n_pos": 201
  },
  "ETH_Test": {
    "ap": 0.9517499093853511,
    "auc": 0.968382164105637,
    "f1": 0.8813559322033898,
    "n": 1010,
    "n_pos": 244
  }
}