{
  "val_ap": 0.3836244758748666,
  "test_ap": 0.3657312530043199,
  "n_params": 256922,
  "dann": true
}