{
  "sources": [
    "xgb",
    "lgbm",
    "ftt"
  ],
  "val_ap": 0.6559912681860123,
  "val_auc": 0.9270964521274955,
  "test_ap": 0.6491048069144326,
  "threshold@90recall": 0.1966178281798569,
  "recall_at_threshold": 1.0
}